1410625600,31.27,5.85,"Mbit","['http://speedtest-1.silverip.net/speedtest/']"
1410627641,29.21,5.81,"Mbit","['http://speedtest-1.silverip.net/speedtest/']"
1410628239,28.74,5.79,"Mbit","['http://sto-chic-01.sys.comcast.net/speedtest/']"
1410628841,32.18,5.80,"Mbit","['http://test.chi.host-engine.com/speedtest/']"
1410629440,29.97,5.82,"Mbit","['http://test.chi.host-engine.com/speedtest/']"
1410630045,8.82,5.70,"Mbit","['http://chi.ookla.towerstream.net/speedtest/']"
1410630643,28.78,5.77,"Mbit","['http://sto-chic-01.sys.comcast.net/speedtest/']"
1410631240,31.40,5.75,"Mbit","['http://test.chi.host-engine.com/speedtest/']"
1410634841,29.22,5.75,"Mbit","['http://speedtest-1.silverip.net/speedtest/']"
1410638442,30.58,5.69,"Mbit","['http://test.chi.host-engine.com/speedtest/']"
1410642043,29.21,5.83,"Mbit","['http://speedtest-1.silverip.net/speedtest/']"
1410645641,30.99,5.72,"Mbit","['http://speedtest-1.silverip.net/speedtest/']"
1410649246,29.53,5.80,"Mbit","['http://speedtest-1.silverip.net/speedtest/']"
1410652843,29.91,5.79,"Mbit","['http://speedtest-1.silverip.net/speedtest/']"
1410660041,30.61,5.75,"Mbit","['http://test.chi.host-engine.com/speedtest/']"
1410663642,31.42,5.69,"Mbit","['http://test.chi.host-engine.com/speedtest/']"
1410667239,30.06,5.73,"Mbit","['http://speedtest-1.silverip.net/speedtest/']"
1410670839,31.52,5.87,"Mbit","['http://test.chi.host-engine.com/speedtest/']"
1410674441,28.80,5.79,"Mbit","['http://sto-chic-01.sys.comcast.net/speedtest/']"
1410678039,29.61,5.74,"Mbit","['http://test.chi.host-engine.com/speedtest/']"
1410681640,29.87,5.88,"Mbit","['http://speedtest-1.silverip.net/speedtest/']"
1410685242,28.69,5.85,"Mbit","['http://speedtest.servercentral.net/speedtest/']"
1410688845,28.78,5.78,"Mbit","['http://sto-chic-01.sys.comcast.net/speedtest/']"
1410692441,29.73,5.82,"Mbit","['http://speedtest.servercentral.net/speedtest/']"
1410696039,31.91,5.85,"Mbit","['http://speedtest-1.silverip.net/speedtest/']"
1410699641,27.05,5.73,"Mbit","['http://chi.ookla.towerstream.net/speedtest/']"
1410703245,12.89,5.73,"Mbit","['http://chi.ookla.towerstream.net/speedtest/']"
1410706841,30.96,5.88,"Mbit","['http://test.chi.host-engine.com/speedtest/']"
1410710438,7.92,5.73,"Mbit","['http://chi.ookla.towerstream.net/speedtest/']"
1410714042,29.73,5.77,"Mbit","['http://speedtest-1.silverip.net/speedtest/']"
1410717642,30.96,5.72,"Mbit","['http://speedtest-1.silverip.net/speedtest/']"
1410721240,31.89,5.79,"Mbit","['http://test.chi.host-engine.com/speedtest/']"
1410724840,29.96,5.84,"Mbit","['http://test.chi.host-engine.com/speedtest/']"
1410728440,29.86,5.84,"Mbit","['http://test.chi.host-engine.com/speedtest/']"
1410732041,31.32,5.79,"Mbit","['http://test.chi.host-engine.com/speedtest/']"
1410735634,8.52,1.61,"Mbit","['http://chi.ookla.towerstream.net/speedtest/']"
1410739240,29.61,5.79,"Mbit","['http://speedtest.servercentral.net/speedtest/']"
1410742840,29.91,5.85,"Mbit","['http://speedtest-1.silverip.net/speedtest/']"
1410746441,30.71,5.79,"Mbit","['http://test.chi.host-engine.com/speedtest/']"
1410750046,29.91,5.73,"Mbit","['http://speedtest.servercentral.net/speedtest/']"
1410753640,29.77,5.78,"Mbit","['http://speedtest.servercentral.net/speedtest/']"
1410757241,29.87,5.72,"Mbit","['http://speedtest.servercentral.net/speedtest/']"
1410760839,31.87,5.80,"Mbit","['http://test.chi.host-engine.com/speedtest/']"
1410764440,31.04,5.78,"Mbit","['http://test.chi.host-engine.com/speedtest/']"
1410768039,30.91,5.86,"Mbit","['http://speedtest-1.silverip.net/speedtest/']"
1410771639,31.26,5.88,"Mbit","['http://speedtest-1.silverip.net/speedtest/']"
1410775243,10.10,5.74,"Mbit","['http://chi.ookla.towerstream.net/speedtest/']"
1410778840,30.75,5.85,"Mbit","['http://test.chi.host-engine.com/speedtest/']"
1410782439,30.09,5.85,"Mbit","['http://speedtest-1.silverip.net/speedtest/']"
1410786044,28.79,5.77,"Mbit","['http://sto-chic-01.sys.comcast.net/speedtest/']"
1410789643,29.52,5.86,"Mbit","['http://speedtest-1.silverip.net/speedtest/']"
1410825651,30.89,5.71,"Mbit","['http://test.chi.host-engine.com/speedtest/']"
1410829246,30.50,5.79,"Mbit","['http://test.chi.host-engine.com/speedtest/']"
1410832841,28.75,5.80,"Mbit","['http://sto-chic-01.sys.comcast.net/speedtest/']"
1410836442,29.29,5.70,"Mbit","['http://test.chi.host-engine.com/speedtest/']"
1410840045,8.87,5.66,"Mbit","['http://chi.ookla.towerstream.net/speedtest/']"
1410843640,31.28,5.85,"Mbit","['http://test.chi.host-engine.com/speedtest/']"
1410847240,30.13,5.90,"Mbit","['http://speedtest-1.silverip.net/speedtest/']"
1410850840,30.15,5.82,"Mbit","['http://speedtest-1.silverip.net/speedtest/']"
1410854440,29.97,5.92,"Mbit","['http://speedtest-1.silverip.net/speedtest/']"
1410858040,31.75,5.87,"Mbit","['http://test.chi.host-engine.com/speedtest/']"
1410861640,30.28,5.85,"Mbit","['http://test.chi.host-engine.com/speedtest/']"
1410865239,31.39,5.84,"Mbit","['http://test.chi.host-engine.com/speedtest/']"
1410868840,32.13,5.85,"Mbit","['http://test.chi.host-engine.com/speedtest/']"
1410872440,29.91,5.79,"Mbit","['http://test.chi.host-engine.com/speedtest/']"
1410876040,31.65,5.80,"Mbit","['http://test.chi.host-engine.com/speedtest/']"
1410879641,28.73,5.80,"Mbit","['http://sto-chic-01.sys.comcast.net/speedtest/']"
1410883229,6.32,5.75,"Mbit","['http://chi.ookla.towerstream.net/speedtest/']"
1410886840,30.64,5.88,"Mbit","['http://speedtest-1.silverip.net/speedtest/']"
1410894039,31.36,5.87,"Mbit","['http://test.chi.host-engine.com/speedtest/']"
1410897642,31.46,5.87,"Mbit","['http://speedtest-1.silverip.net/speedtest/']"
1410901239,29.74,5.89,"Mbit","['http://speedtest-1.silverip.net/speedtest/']"
1410904842,19.13,5.74,"Mbit","['http://chi.ookla.towerstream.net/speedtest/']"
1410908440,30.47,5.76,"Mbit","['http://speedtest-1.silverip.net/speedtest/']"
1410912040,31.39,5.72,"Mbit","['http://test.chi.host-engine.com/speedtest/']"
1410915642,28.75,5.75,"Mbit","['http://sto-chic-01.sys.comcast.net/speedtest/']"
1410919245,29.01,5.70,"Mbit","['http://speedtest.servercentral.net/speedtest/']"
1410922841,30.11,5.67,"Mbit","['http://test.chi.host-engine.com/speedtest/']"
1410926440,28.70,5.76,"Mbit","['http://sto-chic-01.sys.comcast.net/speedtest/']"
1410930040,29.24,5.83,"Mbit","['http://test.chi.host-engine.com/speedtest/']"
1410933639,29.21,5.72,"Mbit","['http://speedtest-1.silverip.net/speedtest/']"
1410937240,31.92,5.80,"Mbit","['http://test.chi.host-engine.com/speedtest/']"
1410940845,30.67,5.85,"Mbit","['http://test.chi.host-engine.com/speedtest/']"
1410944439,30.44,5.85,"Mbit","['http://test.chi.host-engine.com/speedtest/']"
1410948039,30.69,5.76,"Mbit","['http://test.chi.host-engine.com/speedtest/']"
1410951641,31.62,5.81,"Mbit","['http://test.chi.host-engine.com/speedtest/']"
1410955239,29.96,5.88,"Mbit","['http://speedtest-1.silverip.net/speedtest/']"
1410958839,31.96,5.86,"Mbit","['http://test.chi.host-engine.com/speedtest/']"
1410962441,30.51,5.82,"Mbit","['http://speedtest-1.silverip.net/speedtest/']"
1410966037,21.81,5.72,"Mbit","['http://chi.ookla.towerstream.net/speedtest/']"
1410969640,31.78,5.79,"Mbit","['http://test.chi.host-engine.com/speedtest/']"
1410973239,31.27,5.76,"Mbit","['http://test.chi.host-engine.com/speedtest/']"
1410976840,29.17,5.83,"Mbit","['http://test.chi.host-engine.com/speedtest/']"
1410980440,30.00,5.76,"Mbit","['http://test.chi.host-engine.com/speedtest/']"
1410984041,30.91,5.73,"Mbit","['http://speedtest-1.silverip.net/speedtest/']"
1410987645,23.89,5.73,"Mbit","['http://chi.ookla.towerstream.net/speedtest/']"
1410991245,10.50,5.74,"Mbit","['http://chi.ookla.towerstream.net/speedtest/']"
1410994840,29.47,5.85,"Mbit","['http://speedtest-1.silverip.net/speedtest/']"
1410998441,29.98,5.75,"Mbit","['http://test.chi.host-engine.com/speedtest/']"
1411002042,30.73,5.71,"Mbit","['http://test.chi.host-engine.com/speedtest/']"
1411005644,29.80,5.79,"Mbit","['http://speedtest.servercentral.net/speedtest/']"
1411009244,28.39,5.74,"Mbit","['http://sto-chic-01.sys.comcast.net/speedtest/']"
1411012840,28.74,5.77,"Mbit","['http://sto-chic-01.sys.comcast.net/speedtest/']"
1411016440,29.25,5.83,"Mbit","['http://test.chi.host-engine.com/speedtest/']"
1411020039,30.11,5.87,"Mbit","['http://speedtest.servercentral.net/speedtest/']"
1411023639,31.85,5.83,"Mbit","['http://test.chi.host-engine.com/speedtest/']"
1411027239,29.65,5.77,"Mbit","['http://speedtest.servercentral.net/speedtest/']"
1411030839,30.37,5.85,"Mbit","['http://speedtest.servercentral.net/speedtest/']"
1411034440,31.89,5.80,"Mbit","['http://test.chi.host-engine.com/speedtest/']"
1411038040,31.83,5.89,"Mbit","['http://test.chi.host-engine.com/speedtest/']"
1411041639,29.76,5.81,"Mbit","['http://speedtest.servercentral.net/speedtest/']"
1411045242,29.68,5.82,"Mbit","['http://speedtest.servercentral.net/speedtest/']"
1411048846,8.92,5.74,"Mbit","['http://chi.ookla.towerstream.net/speedtest/']"
1411052441,31.54,5.90,"Mbit","['http://speedtest-1.silverip.net/speedtest/']"
1411056040,31.44,5.75,"Mbit","['http://test.chi.host-engine.com/speedtest/']"
1411059640,29.28,5.80,"Mbit","['http://speedtest.servercentral.net/speedtest/']"
1411063240,30.72,5.84,"Mbit","['http://test.chi.host-engine.com/speedtest/']"
1411066841,28.05,5.74,"Mbit","['http://chi.ookla.towerstream.net/speedtest/']"
1411070440,30.55,5.80,"Mbit","['http://test.chi.host-engine.com/speedtest/']"
1411074042,29.93,5.74,"Mbit","['http://speedtest.servercentral.net/speedtest/']"
1411077640,29.82,5.75,"Mbit","['http://test.chi.host-engine.com/speedtest/']"
1411081240,29.72,5.84,"Mbit","['http://test.chi.host-engine.com/speedtest/']"
1411084839,30.85,5.85,"Mbit","['http://speedtest-1.silverip.net/speedtest/']"
1411088441,31.23,5.73,"Mbit","['http://test.chi.host-engine.com/speedtest/']"
1411092040,29.63,5.79,"Mbit","['http://speedtest.servercentral.net/speedtest/']"
1411095646,10.41,5.73,"Mbit","['http://chi.ookla.towerstream.net/speedtest/']"
1411099240,30.24,5.80,"Mbit","['http://test.chi.host-engine.com/speedtest/']"
1411102840,28.81,5.79,"Mbit","['http://sto-chic-01.sys.comcast.net/speedtest/']"
1411106439,31.18,5.83,"Mbit","['http://test.chi.host-engine.com/speedtest/']"
1411110039,28.78,5.78,"Mbit","['http://sto-chic-01.sys.comcast.net/speedtest/']"
1411113639,28.78,5.90,"Mbit","['http://sto-chic-01.sys.comcast.net/speedtest/']"
1411117239,28.80,5.79,"Mbit","['http://sto-chic-01.sys.comcast.net/speedtest/']"
1411120839,29.55,5.84,"Mbit","['http://speedtest.servercentral.net/speedtest/']"
1411124439,31.51,5.84,"Mbit","['http://test.chi.host-engine.com/speedtest/']"
1411128045,30.21,5.83,"Mbit","['http://test.chi.host-engine.com/speedtest/']"
1411131640,30.60,5.86,"Mbit","['http://speedtest-1.silverip.net/speedtest/']"
1411135240,28.77,5.79,"Mbit","['http://sto-chic-01.sys.comcast.net/speedtest/']"
1411138841,29.53,5.79,"Mbit","['http://speedtest-1.silverip.net/speedtest/']"
1411142440,30.13,5.85,"Mbit","['http://speedtest-1.silverip.net/speedtest/']"
1411146042,29.74,5.74,"Mbit","['http://speedtest-1.silverip.net/speedtest/']"
1411149640,30.09,5.84,"Mbit","['http://speedtest-1.silverip.net/speedtest/']"
1411153240,29.38,5.85,"Mbit","['http://test.chi.host-engine.com/speedtest/']"
1411156840,28.79,5.79,"Mbit","['http://sto-chic-01.sys.comcast.net/speedtest/']"
1411160443,31.24,5.75,"Mbit","['http://speedtest-1.silverip.net/speedtest/']"
1411164042,29.18,5.78,"Mbit","['http://speedtest-1.silverip.net/speedtest/']"
1411167640,31.05,5.71,"Mbit","['http://speedtest-1.silverip.net/speedtest/']"
1411171242,29.02,5.73,"Mbit","['http://test.chi.host-engine.com/speedtest/']"
1411174846,30.02,5.86,"Mbit","['http://speedtest.servercentral.net/speedtest/']"
1411178441,28.68,5.73,"Mbit","['http://sto-chic-01.sys.comcast.net/speedtest/']"
1411182041,29.14,5.78,"Mbit","['http://speedtest.servercentral.net/speedtest/']"
1411185643,29.89,5.45,"Mbit","['http://test.chi.host-engine.com/speedtest/']"
1411189239,29.45,5.85,"Mbit","['http://test.chi.host-engine.com/speedtest/']"
1411192841,28.72,5.83,"Mbit","['http://sto-chic-01.sys.comcast.net/speedtest/']"
1411196442,9.80,5.74,"Mbit","['http://chi.ookla.towerstream.net/speedtest/']"
1411200039,29.08,5.79,"Mbit","['http://speedtest.servercentral.net/speedtest/']"
1411203643,9.29,5.74,"Mbit","['http://chi.ookla.towerstream.net/speedtest/']"
1411207240,28.80,5.80,"Mbit","['http://sto-chic-01.sys.comcast.net/speedtest/']"
1411210840,30.62,5.83,"Mbit","['http://speedtest.servercentral.net/speedtest/']"
1411214439,29.97,5.80,"Mbit","['http://speedtest.servercentral.net/speedtest/']"
1411218042,29.93,5.84,"Mbit","['http://speedtest.servercentral.net/speedtest/']"
1411221640,29.93,5.75,"Mbit","['http://speedtest.servercentral.net/speedtest/']"
1411225240,29.14,5.79,"Mbit","['http://speedtest-1.silverip.net/speedtest/']"
1411228840,30.93,5.82,"Mbit","['http://test.chi.host-engine.com/speedtest/']"
1411232442,27.87,5.71,"Mbit","['http://speedtest.servercentral.net/speedtest/']"
1411236041,30.86,5.88,"Mbit","['http://test.chi.host-engine.com/speedtest/']"
1411239643,29.80,5.72,"Mbit","['http://speedtest.servercentral.net/speedtest/']"
1411243242,28.74,5.76,"Mbit","['http://sto-chic-01.sys.comcast.net/speedtest/']"
1411246842,30.74,5.73,"Mbit","['http://test.chi.host-engine.com/speedtest/']"
1411250449,25.21,5.73,"Mbit","['http://chi.ookla.towerstream.net/speedtest/']"
1411254042,28.68,5.78,"Mbit","['http://sto-chic-01.sys.comcast.net/speedtest/']"
1411257644,28.74,5.77,"Mbit","['http://sto-chic-01.sys.comcast.net/speedtest/']"
1411261244,28.74,5.75,"Mbit","['http://sto-chic-01.sys.comcast.net/speedtest/']"
1411264846,29.89,5.78,"Mbit","['http://speedtest.servercentral.net/speedtest/']"
1411268431,28.72,0.39,"Mbit","['http://sto-chic-01.sys.comcast.net/speedtest/']"
1411272063,28.79,5.71,"Mbit","['http://speedtest.servercentral.net/speedtest/']"
1411275647,28.80,5.78,"Mbit","['http://sto-chic-01.sys.comcast.net/speedtest/']"
1411282882,28.70,5.78,"Mbit","['http://sto-chic-01.sys.comcast.net/speedtest/']"
1411286444,29.96,5.27,"Mbit","['http://speedtest.servercentral.net/speedtest/']"
1411291774,28.78,5.76,"Mbit","['http://sto-chic-01.sys.comcast.net/speedtest/']"
1411293639,30.04,5.84,"Mbit","['http://speedtest.servercentral.net/speedtest/']"
1411297239,30.01,5.88,"Mbit","['http://speedtest.servercentral.net/speedtest/']"
1411300839,28.79,5.72,"Mbit","['http://sto-chic-01.sys.comcast.net/speedtest/']"
1411304439,28.80,5.83,"Mbit","['http://sto-chic-01.sys.comcast.net/speedtest/']"
1411308040,31.17,5.83,"Mbit","['http://speedtest-1.silverip.net/speedtest/']"
1411311642,32.02,5.81,"Mbit","['http://test.chi.host-engine.com/speedtest/']"
1411315242,29.20,5.82,"Mbit","['http://speedtest-1.silverip.net/speedtest/']"
1411318841,29.84,5.83,"Mbit","['http://speedtest.servercentral.net/speedtest/']"
1411322442,32.20,5.83,"Mbit","['http://test.chi.host-engine.com/speedtest/']"
1411326041,31.60,5.72,"Mbit","['http://test.chi.host-engine.com/speedtest/']"
1411329644,27.07,5.74,"Mbit","['http://chi.ookla.towerstream.net/speedtest/']"
1411333240,30.34,5.75,"Mbit","['http://test.chi.host-engine.com/speedtest/']"
1411336840,30.77,5.83,"Mbit","['http://test.chi.host-engine.com/speedtest/']"
1411340446,7.40,5.74,"Mbit","['http://chi.ookla.towerstream.net/speedtest/']"
1411344040,28.74,5.75,"Mbit","['http://sto-chic-01.sys.comcast.net/speedtest/']"
1411347651,31.73,5.74,"Mbit","['http://test.chi.host-engine.com/speedtest/']"
1411351243,27.61,5.77,"Mbit","['http://sto-chic-01.sys.comcast.net/speedtest/']"
1411354846,29.93,5.72,"Mbit","['http://speedtest.servercentral.net/speedtest/']"
1411358440,29.76,5.85,"Mbit","['http://speedtest.servercentral.net/speedtest/']"
1411362039,30.68,5.87,"Mbit","['http://speedtest-1.silverip.net/speedtest/']"
1411365639,31.20,5.82,"Mbit","['http://test.chi.host-engine.com/speedtest/']"
1411369239,30.22,5.78,"Mbit","['http://test.chi.host-engine.com/speedtest/']"
1411372843,11.25,5.73,"Mbit","['http://chi.ookla.towerstream.net/speedtest/']"
1411376439,30.31,5.82,"Mbit","['http://test.chi.host-engine.com/speedtest/']"
1411380039,30.37,5.86,"Mbit","['http://speedtest-1.silverip.net/speedtest/']"
1411383639,29.69,5.84,"Mbit","['http://speedtest.servercentral.net/speedtest/']"
1411387239,28.80,5.84,"Mbit","['http://sto-chic-01.sys.comcast.net/speedtest/']"
1411390840,28.77,5.85,"Mbit","['http://sto-chic-01.sys.comcast.net/speedtest/']"
1411394440,28.77,5.77,"Mbit","['http://sto-chic-01.sys.comcast.net/speedtest/']"
1411398042,30.03,5.86,"Mbit","['http://speedtest.servercentral.net/speedtest/']"
1411401640,30.00,5.86,"Mbit","['http://speedtest-1.silverip.net/speedtest/']"
1411405241,31.86,5.82,"Mbit","['http://test.chi.host-engine.com/speedtest/']"
1411408841,28.81,5.81,"Mbit","['http://sto-chic-01.sys.comcast.net/speedtest/']"
1411412440,31.49,5.81,"Mbit","['http://test.chi.host-engine.com/speedtest/']"
1411416040,28.73,5.77,"Mbit","['http://sto-chic-01.sys.comcast.net/speedtest/']"
1411419641,28.78,5.84,"Mbit","['http://sto-chic-01.sys.comcast.net/speedtest/']"
1411423239,29.88,5.80,"Mbit","['http://test.chi.host-engine.com/speedtest/']"
1411426843,31.23,5.84,"Mbit","['http://test.chi.host-engine.com/speedtest/']"
1411430435,28.84,5.84,"Mbit","['http://speedtest-1.silverip.net/speedtest/']"
1411434042,29.23,5.85,"Mbit","['http://test.chi.host-engine.com/speedtest/']"
1411437638,28.79,5.75,"Mbit","['http://speedtest-1.silverip.net/speedtest/']"
1411441242,29.15,5.88,"Mbit","['http://speedtest-1.silverip.net/speedtest/']"
1411444841,29.26,5.74,"Mbit","['http://speedtest-1.silverip.net/speedtest/']"
1411448440,29.95,5.75,"Mbit","['http://speedtest-1.silverip.net/speedtest/']"
1411452039,29.46,5.83,"Mbit","['http://test.chi.host-engine.com/speedtest/']"
1411455639,31.99,5.91,"Mbit","['http://test.chi.host-engine.com/speedtest/']"
1411459240,32.05,5.72,"Mbit","['http://test.chi.host-engine.com/speedtest/']"
1411462841,29.88,5.84,"Mbit","['http://speedtest.servercentral.net/speedtest/']"
1411466439,28.77,5.87,"Mbit","['http://sto-chic-01.sys.comcast.net/speedtest/']"
1411470039,31.59,5.89,"Mbit","['http://test.chi.host-engine.com/speedtest/']"
1411473639,29.91,5.86,"Mbit","['http://speedtest.servercentral.net/speedtest/']"
1411477246,10.51,5.74,"Mbit","['http://chi.ookla.towerstream.net/speedtest/']"
1411480840,31.99,5.82,"Mbit","['http://test.chi.host-engine.com/speedtest/']"
1411484446,8.05,5.76,"Mbit","['http://chi.ookla.towerstream.net/speedtest/']"
1411488042,30.09,5.79,"Mbit","['http://test.chi.host-engine.com/speedtest/']"
1411491640,31.70,5.86,"Mbit","['http://test.chi.host-engine.com/speedtest/']"
1411495307,85.92,23.30,"Mbit","['http://test.chi.host-engine.com/speedtest/']"
1411498907,90.79,23.30,"Mbit","['http://test.chi.host-engine.com/speedtest/']"
1411502511,83.23,23.28,"Mbit","['http://speedtest.servercentral.net/speedtest/']"
1411506112,90.69,23.27,"Mbit","['http://test.chi.host-engine.com/speedtest/']"
1411509717,85.22,23.22,"Mbit","['http://speedtest.servercentral.net/speedtest/']"
1411513313,79.56,23.31,"Mbit","['http://sto-chic-01.sys.comcast.net/speedtest/']"
1411516910,83.39,23.27,"Mbit","['http://speedtest-1.silverip.net/speedtest/']"
1411520502,73.24,23.21,"Mbit","['http://speedtest-1.silverip.net/speedtest/']"
1411524122,10.85,22.40,"Mbit","['http://chi.ookla.towerstream.net/speedtest/']"
1411527714,84.35,23.28,"Mbit","['http://test.chi.host-engine.com/speedtest/']"
1411531315,86.10,23.27,"Mbit","['http://speedtest.servercentral.net/speedtest/']"
1411534908,81.15,23.27,"Mbit","['http://speedtest-1.silverip.net/speedtest/']"
1411538508,86.45,23.29,"Mbit","['http://speedtest-1.silverip.net/speedtest/']"
1411542109,79.41,23.30,"Mbit","['http://speedtest-1.silverip.net/speedtest/']"
1411545708,83.54,23.32,"Mbit","['http://speedtest.servercentral.net/speedtest/']"
1411549308,81.51,23.32,"Mbit","['http://speedtest.servercentral.net/speedtest/']"
1411552912,77.35,23.42,"Mbit","['http://sto-chic-01.sys.comcast.net/speedtest/']"
1411556521,17.21,22.73,"Mbit","['http://chi.ookla.towerstream.net/speedtest/']"
1411560108,80.81,23.29,"Mbit","['http://speedtest-1.silverip.net/speedtest/']"
1411563675,80.34,23.17,"Mbit","['http://test.chi.host-engine.com/speedtest/']"
1411567282,74.06,23.34,"Mbit","['http://sto-chic-01.sys.comcast.net/speedtest/']"
1411570910,80.48,23.42,"Mbit","['http://sto-chic-01.sys.comcast.net/speedtest/']"
1411574518,75.23,23.40,"Mbit","['http://sto-chic-01.sys.comcast.net/speedtest/']"
1411578108,87.77,23.31,"Mbit","['http://speedtest-1.silverip.net/speedtest/']"
1411585321,20.18,22.45,"Mbit","['http://chi.ookla.towerstream.net/speedtest/']"
1411588908,88.06,23.29,"Mbit","['http://speedtest-1.silverip.net/speedtest/']"
1411592520,8.18,22.40,"Mbit","['http://chi.ookla.towerstream.net/speedtest/']"
1411596114,73.19,23.35,"Mbit","['http://sto-chic-01.sys.comcast.net/speedtest/']"
1411599707,83.27,23.31,"Mbit","['http://speedtest-1.silverip.net/speedtest/']"
1411606910,87.40,23.21,"Mbit","['http://test.chi.host-engine.com/speedtest/']"
1411610486,86.20,23.24,"Mbit","['http://test.chi.host-engine.com/speedtest/']"
1411614114,85.02,23.21,"Mbit","['http://speedtest-1.silverip.net/speedtest/']"
1411617717,76.65,23.29,"Mbit","['http://speedtest-1.silverip.net/speedtest/']"
1411621324,8.69,22.50,"Mbit","['http://chi.ookla.towerstream.net/speedtest/']"
1411624913,77.09,23.38,"Mbit","['http://sto-chic-01.sys.comcast.net/speedtest/']"
1411628510,84.80,23.18,"Mbit","['http://speedtest-1.silverip.net/speedtest/']"
1411632111,87.17,23.34,"Mbit","['http://speedtest.servercentral.net/speedtest/']"
1411635709,84.99,23.33,"Mbit","['http://speedtest.servercentral.net/speedtest/']"
1411639308,85.07,23.30,"Mbit","['http://speedtest.servercentral.net/speedtest/']"
1411642912,78.91,23.31,"Mbit","['http://speedtest.servercentral.net/speedtest/']"
1411646504,26.06,23.33,"Mbit","['http://speedtest.servercentral.net/speedtest/']"
1411650105,61.78,23.30,"Mbit","['http://test.chi.host-engine.com/speedtest/']"
1411653635,24.04,23.29,"Mbit","['http://speedtest-1.silverip.net/speedtest/']"
1411657315,69.58,23.31,"Mbit","['http://test.chi.host-engine.com/speedtest/']"
1411660906,54.58,23.40,"Mbit","['http://sto-chic-01.sys.comcast.net/speedtest/']"
1411664428,1.04,14.43,"Mbit","['http://chi.ookla.towerstream.net/speedtest/']"
1411668121,18.91,23.31,"Mbit","['http://speedtest.servercentral.net/speedtest/']"
1411671643,48.35,23.33,"Mbit","['http://sto-chic-01.sys.comcast.net/speedtest/']"
1411675303,58.29,23.31,"Mbit","['http://sto-chic-01.sys.comcast.net/speedtest/']"
1411678907,88.65,23.33,"Mbit","['http://test.chi.host-engine.com/speedtest/']"
1411682510,84.77,23.39,"Mbit","['http://sto-chic-01.sys.comcast.net/speedtest/']"
1411686110,80.62,23.31,"Mbit","['http://speedtest-1.silverip.net/speedtest/']"
1411689713,84.95,23.32,"Mbit","['http://speedtest.servercentral.net/speedtest/']"
1411693311,84.31,23.31,"Mbit","['http://speedtest.servercentral.net/speedtest/']"
1411696918,75.74,23.26,"Mbit","['http://speedtest.servercentral.net/speedtest/']"
1411700512,81.98,23.27,"Mbit","['http://speedtest.servercentral.net/speedtest/']"
1411704110,81.29,23.34,"Mbit","['http://speedtest.servercentral.net/speedtest/']"
1411707711,86.52,23.31,"Mbit","['http://speedtest.servercentral.net/speedtest/']"
1411711313,73.03,23.42,"Mbit","['http://sto-chic-01.sys.comcast.net/speedtest/']"
1411714908,84.29,23.31,"Mbit","['http://speedtest-1.silverip.net/speedtest/']"
1411718508,81.51,23.29,"Mbit","['http://speedtest.servercentral.net/speedtest/']"
1411722112,81.64,23.42,"Mbit","['http://sto-chic-01.sys.comcast.net/speedtest/']"
1411725638,47.07,23.40,"Mbit","['http://sto-chic-01.sys.comcast.net/speedtest/']"
1411729249,5.69,21.93,"Mbit","['http://chi.ookla.towerstream.net/speedtest/']"
1411732846,88.85,23.31,"Mbit","['http://speedtest.servercentral.net/speedtest/']"
1411736444,28.81,23.26,"Mbit","['http://sto-chic-01.sys.comcast.net/speedtest/']"
1411743664,6.37,22.62,"Mbit","['http://sto-chic-01.sys.comcast.net/speedtest/']"
1411747266,88.65,23.11,"Mbit","['http://test.chi.host-engine.com/speedtest/']"
1411754440,7.90,18.01,"Mbit","['http://chi.ookla.towerstream.net/speedtest/']"
1411758115,26.09,23.33,"Mbit","['http://sto-chic-01.sys.comcast.net/speedtest/']"
1411761703,78.30,23.30,"Mbit","['http://speedtest-1.silverip.net/speedtest/']"
1411765304,66.31,23.31,"Mbit","['http://speedtest-1.silverip.net/speedtest/']"
1411768906,62.93,23.29,"Mbit","['http://test.chi.host-engine.com/speedtest/']"
1411772511,79.87,23.39,"Mbit","['http://sto-chic-01.sys.comcast.net/speedtest/']"
1411776108,52.74,23.32,"Mbit","['http://speedtest.servercentral.net/speedtest/']"
1411779706,65.05,23.27,"Mbit","['http://sto-chic-01.sys.comcast.net/speedtest/']"
1411783309,84.76,23.32,"Mbit","['http://test.chi.host-engine.com/speedtest/']"
1411786912,84.15,23.28,"Mbit","['http://speedtest-1.silverip.net/speedtest/']"
1411790503,52.46,23.24,"Mbit","['http://speedtest-1.silverip.net/speedtest/']"
1411794115,73.99,23.45,"Mbit","['http://sto-chic-01.sys.comcast.net/speedtest/']"
1411797709,82.81,23.31,"Mbit","['http://test.chi.host-engine.com/speedtest/']"
1411801313,75.70,23.40,"Mbit","['http://sto-chic-01.sys.comcast.net/speedtest/']"
1411804908,85.38,23.31,"Mbit","['http://test.chi.host-engine.com/speedtest/']"
1411808513,79.22,23.40,"Mbit","['http://sto-chic-01.sys.comcast.net/speedtest/']"
1411812110,80.89,23.41,"Mbit","['http://sto-chic-01.sys.comcast.net/speedtest/']"
1411815708,65.81,23.39,"Mbit","['http://sto-chic-01.sys.comcast.net/speedtest/']"
1411819312,84.69,23.31,"Mbit","['http://test.chi.host-engine.com/speedtest/']"
1411822909,86.13,23.28,"Mbit","['http://speedtest.servercentral.net/speedtest/']"
1411826517,13.56,22.49,"Mbit","['http://chi.ookla.towerstream.net/speedtest/']"
1411830116,5.44,22.44,"Mbit","['http://chi.ookla.towerstream.net/speedtest/']"
1411833698,78.50,23.32,"Mbit","['http://test.chi.host-engine.com/speedtest/']"
1411837254,84.98,23.24,"Mbit","['http://test.chi.host-engine.com/speedtest/']"
1411840915,67.89,23.38,"Mbit","['http://sto-chic-01.sys.comcast.net/speedtest/']"
1411844503,47.59,23.30,"Mbit","['http://speedtest-1.silverip.net/speedtest/']"
1411848107,89.50,23.31,"Mbit","['http://test.chi.host-engine.com/speedtest/']"
1411851708,84.77,23.24,"Mbit","['http://speedtest.servercentral.net/speedtest/']"
1411855309,80.34,23.25,"Mbit","['http://speedtest-1.silverip.net/speedtest/']"
1411858913,74.88,23.40,"Mbit","['http://sto-chic-01.sys.comcast.net/speedtest/']"
1411862509,81.82,23.32,"Mbit","['http://speedtest.servercentral.net/speedtest/']"
1411866113,78.78,23.29,"Mbit","['http://sto-chic-01.sys.comcast.net/speedtest/']"
1411869710,86.40,23.28,"Mbit","['http://test.chi.host-engine.com/speedtest/']"
1411873309,89.91,23.28,"Mbit","['http://test.chi.host-engine.com/speedtest/']"
1411876908,83.87,23.30,"Mbit","['http://speedtest.servercentral.net/speedtest/']"
1411880515,69.46,23.32,"Mbit","['http://sto-chic-01.sys.comcast.net/speedtest/']"
1411884112,78.06,23.39,"Mbit","['http://sto-chic-01.sys.comcast.net/speedtest/']"
1411887667,75.67,23.11,"Mbit","['http://speedtest-1.silverip.net/speedtest/']"
1411891309,79.14,23.27,"Mbit","['http://speedtest-1.silverip.net/speedtest/']"
1411894912,82.44,23.36,"Mbit","['http://sto-chic-01.sys.comcast.net/speedtest/']"
1411898508,85.81,23.33,"Mbit","['http://speedtest.servercentral.net/speedtest/']"
1411902109,84.57,23.30,"Mbit","['http://speedtest-1.silverip.net/speedtest/']"
1411905656,62.55,23.28,"Mbit","['http://speedtest-1.silverip.net/speedtest/']"
1411909238,10.15,23.25,"Mbit","['http://sto-chic-01.sys.comcast.net/speedtest/']"
1411912927,6.85,23.30,"Mbit","['http://test.chi.host-engine.com/speedtest/']"
1411916448,0.13,23.29,"Mbit","['http://speedtest.servercentral.net/speedtest/']"
1411920093,46.44,23.39,"Mbit","['http://sto-chic-01.sys.comcast.net/speedtest/']"
1411923712,80.18,23.29,"Mbit","['http://speedtest.servercentral.net/speedtest/']"
1411927228,14.76,19.60,"Mbit","['http://speedtest.servercentral.net/speedtest/']"
1411930911,83.70,23.26,"Mbit","['http://speedtest-1.silverip.net/speedtest/']"
1411934509,87.28,23.29,"Mbit","['http://test.chi.host-engine.com/speedtest/']"
1411938110,3.52,22.42,"Mbit","['http://chi.ookla.towerstream.net/speedtest/']"
1411941710,82.08,23.21,"Mbit","['http://speedtest-1.silverip.net/speedtest/']"
1411945264,85.10,23.28,"Mbit","['http://speedtest-1.silverip.net/speedtest/']"
1411948914,75.20,23.26,"Mbit","['http://sto-chic-01.sys.comcast.net/speedtest/']"
1411952510,80.07,23.23,"Mbit","['http://speedtest-1.silverip.net/speedtest/']"
1411956083,79.36,23.27,"Mbit","['http://speedtest.servercentral.net/speedtest/']"
1411959709,82.35,23.23,"Mbit","['http://test.chi.host-engine.com/speedtest/']"
1411963310,85.19,23.24,"Mbit","['http://speedtest-1.silverip.net/speedtest/']"
1411966920,4.82,22.60,"Mbit","['http://chi.ookla.towerstream.net/speedtest/']"
1411970511,80.95,23.16,"Mbit","['http://test.chi.host-engine.com/speedtest/']"
1411974114,71.58,23.39,"Mbit","['http://sto-chic-01.sys.comcast.net/speedtest/']"
1411977711,81.14,23.29,"Mbit","['http://speedtest.servercentral.net/speedtest/']"
1411981313,68.19,23.39,"Mbit","['http://sto-chic-01.sys.comcast.net/speedtest/']"
1411988513,74.76,23.38,"Mbit","['http://test.chi.host-engine.com/speedtest/']"
1411992106,34.84,23.30,"Mbit","['http://speedtest-1.silverip.net/speedtest/']"
1412002823,19.39,8.14,"Mbit","['http://test.chi.host-engine.com/speedtest/']"
1412006425,3.12,6.94,"Mbit","['http://chi.ookla.towerstream.net/speedtest/']"
1412010035,17.14,23.28,"Mbit","['http://speedtest.servercentral.net/speedtest/']"
1412013649,42.33,23.35,"Mbit","['http://sto-chic-01.sys.comcast.net/speedtest/']"
1412017316,75.93,23.36,"Mbit","['http://sto-chic-01.sys.comcast.net/speedtest/']"
1412020906,7.08,22.14,"Mbit","['http://chi.ookla.towerstream.net/speedtest/']"
1412024511,80.09,23.28,"Mbit","['http://speedtest-1.silverip.net/speedtest/']"
1412028116,7.17,22.68,"Mbit","['http://chi.ookla.towerstream.net/speedtest/']"
1412031706,49.34,23.19,"Mbit","['http://speedtest-1.silverip.net/speedtest/']"
1412035310,82.17,23.23,"Mbit","['http://test.chi.host-engine.com/speedtest/']"
1412038903,12.44,23.26,"Mbit","['http://test.chi.host-engine.com/speedtest/']"
1412042465,82.18,23.20,"Mbit","['http://test.chi.host-engine.com/speedtest/']"
1412046116,43.55,23.32,"Mbit","['http://sto-chic-01.sys.comcast.net/speedtest/']"
1412049647,19.98,23.10,"Mbit","['http://sto-chic-01.sys.comcast.net/speedtest/']"
1412053280,66.11,23.12,"Mbit","['http://speedtest-1.silverip.net/speedtest/']"
1412056849,4.06,21.60,"Mbit","['http://chi.ookla.towerstream.net/speedtest/']"
1412060475,45.59,23.32,"Mbit","['http://sto-chic-01.sys.comcast.net/speedtest/']"
1412064117,50.72,23.36,"Mbit","['http://sto-chic-01.sys.comcast.net/speedtest/']"
1412067646,15.59,23.34,"Mbit","['http://sto-chic-01.sys.comcast.net/speedtest/']"
1412071302,46.87,23.23,"Mbit","['http://speedtest.servercentral.net/speedtest/']"
1412074915,30.20,23.17,"Mbit","['http://speedtest-1.silverip.net/speedtest/']"
1412078453,14.47,23.28,"Mbit","['http://sto-chic-01.sys.comcast.net/speedtest/']"
1412082052,30.34,23.18,"Mbit","['http://sto-chic-01.sys.comcast.net/speedtest/']"
1412085713,82.27,23.31,"Mbit","['http://test.chi.host-engine.com/speedtest/']"
1412089228,10.82,13.45,"Mbit","['http://sto-chic-01.sys.comcast.net/speedtest/']"
1412092835,11.34,11.59,"Mbit","['http://test.chi.host-engine.com/speedtest/']"
1412096465,40.13,23.31,"Mbit","['http://sto-chic-01.sys.comcast.net/speedtest/']"
1412100036,13.89,23.24,"Mbit","['http://sto-chic-01.sys.comcast.net/speedtest/']"
1412103681,45.89,23.21,"Mbit","['http://test.chi.host-engine.com/speedtest/']"
1412107312,23.43,22.89,"Mbit","['http://speedtest-1.silverip.net/speedtest/']"
1412110900,39.02,23.34,"Mbit","['http://sto-chic-01.sys.comcast.net/speedtest/']"
1412114471,51.61,23.30,"Mbit","['http://sto-chic-01.sys.comcast.net/speedtest/']"
1412118101,55.42,23.20,"Mbit","['http://speedtest-1.silverip.net/speedtest/']"
1412121711,82.53,23.19,"Mbit","['http://speedtest-1.silverip.net/speedtest/']"
1412126570,85.61,22.87,"Mbit","['http://test.chi.host-engine.com/speedtest/']"
1412126757,11.88,14.58,"Mbit","['http://speedtest.servercentral.net/speedtest/']"
1412128860,9.08,12.18,"Mbit","['http://sto-chic-01.sys.comcast.net/speedtest/']"
1412132514,76.17,23.29,"Mbit","['http://speedtest.servercentral.net/speedtest/']"
1412136116,79.75,23.18,"Mbit","['http://speedtest-1.silverip.net/speedtest/']"
1412139645,53.79,23.22,"Mbit","['http://sto-chic-01.sys.comcast.net/speedtest/']"
1412143312,82.01,23.21,"Mbit","['http://speedtest-1.silverip.net/speedtest/']"
1412146915,78.71,23.29,"Mbit","['http://speedtest.servercentral.net/speedtest/']"
1412150441,35.30,23.26,"Mbit","['http://test.chi.host-engine.com/speedtest/']"
1412154106,85.49,20.70,"Mbit","['http://test.chi.host-engine.com/speedtest/']"
1412157711,81.43,23.27,"Mbit","['http://speedtest-1.silverip.net/speedtest/']"
1412161315,85.78,23.27,"Mbit","['http://test.chi.host-engine.com/speedtest/']"
1412164840,6.91,21.81,"Mbit","['http://chi.ookla.towerstream.net/speedtest/']"
1412168518,78.02,23.34,"Mbit","['http://sto-chic-01.sys.comcast.net/speedtest/']"
1412172110,82.81,23.29,"Mbit","['http://speedtest.servercentral.net/speedtest/']"
1412175709,86.99,23.27,"Mbit","['http://test.chi.host-engine.com/speedtest/']"
1412179313,75.74,23.30,"Mbit","['http://sto-chic-01.sys.comcast.net/speedtest/']"
1412182911,83.20,23.22,"Mbit","['http://test.chi.host-engine.com/speedtest/']"
1412186508,88.25,23.24,"Mbit","['http://test.chi.host-engine.com/speedtest/']"
1412190112,76.82,23.20,"Mbit","['http://speedtest.servercentral.net/speedtest/']"
1412193706,57.21,23.41,"Mbit","['http://sto-chic-01.sys.comcast.net/speedtest/']"
1412197250,83.07,23.19,"Mbit","['http://speedtest.servercentral.net/speedtest/']"
1412200919,71.25,23.20,"Mbit","['http://speedtest-1.silverip.net/speedtest/']"
1412204509,83.94,23.24,"Mbit","['http://test.chi.host-engine.com/speedtest/']"
1412208061,84.01,23.22,"Mbit","['http://test.chi.host-engine.com/speedtest/']"
1412211710,83.11,23.23,"Mbit","['http://speedtest-1.silverip.net/speedtest/']"
1412215318,72.61,23.22,"Mbit","['http://sto-chic-01.sys.comcast.net/speedtest/']"
1412218913,9.28,22.55,"Mbit","['http://chi.ookla.towerstream.net/speedtest/']"
1412222521,70.41,23.23,"Mbit","['http://sto-chic-01.sys.comcast.net/speedtest/']"
1412226113,83.53,23.38,"Mbit","['http://sto-chic-01.sys.comcast.net/speedtest/']"
1412229723,8.88,22.55,"Mbit","['http://chi.ookla.towerstream.net/speedtest/']"
1412233315,73.87,23.34,"Mbit","['http://sto-chic-01.sys.comcast.net/speedtest/']"
1412236910,83.57,23.31,"Mbit","['http://test.chi.host-engine.com/speedtest/']"
1412240446,81.98,23.26,"Mbit","['http://speedtest-1.silverip.net/speedtest/']"
1412244109,84.15,23.33,"Mbit","['http://speedtest.servercentral.net/speedtest/']"
1412247714,72.36,23.41,"Mbit","['http://sto-chic-01.sys.comcast.net/speedtest/']"
1412251260,61.48,23.33,"Mbit","['http://sto-chic-01.sys.comcast.net/speedtest/']"
1412254913,55.64,23.41,"Mbit","['http://sto-chic-01.sys.comcast.net/speedtest/']"
1412258454,81.59,23.28,"Mbit","['http://speedtest.servercentral.net/speedtest/']"
1412262108,84.88,23.24,"Mbit","['http://test.chi.host-engine.com/speedtest/']"
1412265711,79.45,23.28,"Mbit","['http://speedtest.servercentral.net/speedtest/']"
1412269313,76.86,23.26,"Mbit","['http://speedtest-1.silverip.net/speedtest/']"
1412272894,15.97,23.31,"Mbit","['http://sto-chic-01.sys.comcast.net/speedtest/']"
1412276516,6.35,22.69,"Mbit","['http://chi.ookla.towerstream.net/speedtest/']"
1412280114,81.42,23.33,"Mbit","['http://sto-chic-01.sys.comcast.net/speedtest/']"
1412283719,72.75,23.28,"Mbit","['http://sto-chic-01.sys.comcast.net/speedtest/']"
1412287314,73.09,23.37,"Mbit","['http://sto-chic-01.sys.comcast.net/speedtest/']"
1412290911,79.41,23.21,"Mbit","['http://speedtest-1.silverip.net/speedtest/']"
1412294444,86.66,23.19,"Mbit","['http://test.chi.host-engine.com/speedtest/']"
1412298115,84.96,23.19,"Mbit","['http://speedtest-1.silverip.net/speedtest/']"
1412301707,73.21,23.22,"Mbit","['http://speedtest.servercentral.net/speedtest/']"
1412305310,82.56,23.29,"Mbit","['http://speedtest.servercentral.net/speedtest/']"
1412308910,86.52,23.21,"Mbit","['http://speedtest-1.silverip.net/speedtest/']"
1412312508,85.57,23.28,"Mbit","['http://test.chi.host-engine.com/speedtest/']"
1412316110,83.97,23.34,"Mbit","['http://speedtest.servercentral.net/speedtest/']"
1412319713,74.12,23.36,"Mbit","['http://sto-chic-01.sys.comcast.net/speedtest/']"
1412323311,81.96,23.28,"Mbit","['http://speedtest-1.silverip.net/speedtest/']"
1412326909,73.27,23.30,"Mbit","['http://speedtest.servercentral.net/speedtest/']"
1412330511,80.16,23.29,"Mbit","['http://speedtest.servercentral.net/speedtest/']"
1412334111,85.06,23.30,"Mbit","['http://speedtest-1.silverip.net/speedtest/']"
1412337708,84.91,23.31,"Mbit","['http://test.chi.host-engine.com/speedtest/']"
1412341309,88.55,23.28,"Mbit","['http://test.chi.host-engine.com/speedtest/']"
1412344914,81.85,23.25,"Mbit","['http://speedtest-1.silverip.net/speedtest/']"
1412348507,87.41,23.27,"Mbit","['http://test.chi.host-engine.com/speedtest/']"
1412352116,73.19,23.39,"Mbit","['http://sto-chic-01.sys.comcast.net/speedtest/']"
1412355638,76.95,19.84,"Mbit","['http://sto-chic-01.sys.comcast.net/speedtest/']"
1412359320,80.26,23.22,"Mbit","['http://speedtest-1.silverip.net/speedtest/']"
1412362873,79.27,23.29,"Mbit","['http://speedtest-1.silverip.net/speedtest/']"
1412366511,82.08,23.32,"Mbit","['http://speedtest.servercentral.net/speedtest/']"
1412370045,84.24,23.17,"Mbit","['http://test.chi.host-engine.com/speedtest/']"
1412373685,75.86,23.28,"Mbit","['http://sto-chic-01.sys.comcast.net/speedtest/']"
1412377315,72.95,23.35,"Mbit","['http://sto-chic-01.sys.comcast.net/speedtest/']"
1412380910,82.33,23.24,"Mbit","['http://test.chi.host-engine.com/speedtest/']"
1412384508,84.96,23.23,"Mbit","['http://test.chi.host-engine.com/speedtest/']"
1412388121,26.94,22.17,"Mbit","['http://chi.ookla.towerstream.net/speedtest/']"
1412391710,81.97,23.24,"Mbit","['http://test.chi.host-engine.com/speedtest/']"
1412395307,55.43,23.25,"Mbit","['http://sto-chic-01.sys.comcast.net/speedtest/']"
1412398915,72.06,23.31,"Mbit","['http://sto-chic-01.sys.comcast.net/speedtest/']"
1412402509,83.77,23.26,"Mbit","['http://speedtest.servercentral.net/speedtest/']"
1412406113,71.21,23.38,"Mbit","['http://sto-chic-01.sys.comcast.net/speedtest/']"
1412409700,83.93,23.29,"Mbit","['http://speedtest.servercentral.net/speedtest/']"
1412413307,85.71,23.32,"Mbit","['http://speedtest.servercentral.net/speedtest/']"
1412416909,81.96,23.29,"Mbit","['http://speedtest-1.silverip.net/speedtest/']"
1412420508,82.28,23.32,"Mbit","['http://speedtest.servercentral.net/speedtest/']"
1412424111,76.30,23.17,"Mbit","['http://speedtest-1.silverip.net/speedtest/']"
1412427714,71.92,23.34,"Mbit","['http://sto-chic-01.sys.comcast.net/speedtest/']"
1412431303,56.93,23.34,"Mbit","['http://sto-chic-01.sys.comcast.net/speedtest/']"
1412434910,83.87,23.28,"Mbit","['http://speedtest.servercentral.net/speedtest/']"
1412438445,5.98,21.92,"Mbit","['http://chi.ookla.towerstream.net/speedtest/']"
1412442111,76.55,23.25,"Mbit","['http://speedtest-1.silverip.net/speedtest/']"
1412445710,81.48,23.22,"Mbit","['http://speedtest-1.silverip.net/speedtest/']"
1412449250,81.81,23.06,"Mbit","['http://test.chi.host-engine.com/speedtest/']"
1412452873,60.64,23.11,"Mbit","['http://sto-chic-01.sys.comcast.net/speedtest/']"
1412456519,64.62,23.29,"Mbit","['http://sto-chic-01.sys.comcast.net/speedtest/']"
1412460075,75.11,23.15,"Mbit","['http://sto-chic-01.sys.comcast.net/speedtest/']"
1412463715,67.33,23.33,"Mbit","['http://sto-chic-01.sys.comcast.net/speedtest/']"
1412467310,8.42,22.43,"Mbit","['http://chi.ookla.towerstream.net/speedtest/']"
1412470910,78.49,23.32,"Mbit","['http://speedtest-1.silverip.net/speedtest/']"
1412474471,55.23,23.36,"Mbit","['http://sto-chic-01.sys.comcast.net/speedtest/']"
1412478111,81.80,23.21,"Mbit","['http://speedtest-1.silverip.net/speedtest/']"
1412481669,82.46,23.26,"Mbit","['http://speedtest-1.silverip.net/speedtest/']"
1412485310,82.45,23.22,"Mbit","['http://speedtest.servercentral.net/speedtest/']"
1412488877,83.24,23.20,"Mbit","['http://speedtest-1.silverip.net/speedtest/']"
1412492499,87.10,23.17,"Mbit","['http://test.chi.host-engine.com/speedtest/']"
1412496109,87.69,23.24,"Mbit","['http://test.chi.host-engine.com/speedtest/']"
1412499709,82.21,23.33,"Mbit","['http://speedtest.servercentral.net/speedtest/']"
1412503312,89.38,23.30,"Mbit","['http://test.chi.host-engine.com/speedtest/']"
1412506904,56.05,23.41,"Mbit","['http://sto-chic-01.sys.comcast.net/speedtest/']"
1412510513,75.68,23.43,"Mbit","['http://sto-chic-01.sys.comcast.net/speedtest/']"
1412514126,14.05,22.65,"Mbit","['http://chi.ookla.towerstream.net/speedtest/']"
1412517642,7.35,21.67,"Mbit","['http://chi.ookla.towerstream.net/speedtest/']"
1412521274,80.00,23.21,"Mbit","['http://test.chi.host-engine.com/speedtest/']"
1412524931,7.60,22.51,"Mbit","['http://chi.ookla.towerstream.net/speedtest/']"
1412528514,79.39,23.21,"Mbit","['http://speedtest.servercentral.net/speedtest/']"
1412532118,23.98,22.48,"Mbit","['http://chi.ookla.towerstream.net/speedtest/']"
1412535659,56.20,23.24,"Mbit","['http://sto-chic-01.sys.comcast.net/speedtest/']"
1412539314,68.26,23.34,"Mbit","['http://sto-chic-01.sys.comcast.net/speedtest/']"
1412542915,75.27,23.19,"Mbit","['http://speedtest-1.silverip.net/speedtest/']"
1412546508,82.29,23.22,"Mbit","['http://speedtest-1.silverip.net/speedtest/']"
1412550110,82.47,23.21,"Mbit","['http://test.chi.host-engine.com/speedtest/']"
1412553658,86.18,23.14,"Mbit","['http://speedtest-1.silverip.net/speedtest/']"
1412557304,76.76,23.20,"Mbit","['http://sto-chic-01.sys.comcast.net/speedtest/']"
1412560912,79.90,23.21,"Mbit","['http://speedtest-1.silverip.net/speedtest/']"
1412564444,83.82,22.81,"Mbit","['http://test.chi.host-engine.com/speedtest/']"
1412568110,77.52,23.30,"Mbit","['http://speedtest.servercentral.net/speedtest/']"
1412571713,71.61,23.31,"Mbit","['http://sto-chic-01.sys.comcast.net/speedtest/']"
1412575275,71.98,23.32,"Mbit","['http://sto-chic-01.sys.comcast.net/speedtest/']"
1412578903,60.49,23.46,"Mbit","['http://sto-chic-01.sys.comcast.net/speedtest/']"
1412582509,55.96,23.37,"Mbit","['http://sto-chic-01.sys.comcast.net/speedtest/']"
1412586114,80.62,23.33,"Mbit","['http://speedtest-1.silverip.net/speedtest/']"
1412589702,60.34,23.36,"Mbit","['http://sto-chic-01.sys.comcast.net/speedtest/']"
1412593313,82.71,23.32,"Mbit","['http://speedtest.servercentral.net/speedtest/']"
1412596914,82.01,23.27,"Mbit","['http://speedtest.servercentral.net/speedtest/']"
1412600507,86.40,23.22,"Mbit","['http://test.chi.host-engine.com/speedtest/']"
1412604064,88.37,23.29,"Mbit","['http://test.chi.host-engine.com/speedtest/']"
1412607706,85.48,23.31,"Mbit","['http://test.chi.host-engine.com/speedtest/']"
1412611307,85.81,23.29,"Mbit","['http://test.chi.host-engine.com/speedtest/']"
1412614911,83.36,23.27,"Mbit","['http://speedtest-1.silverip.net/speedtest/']"
1412618512,79.81,23.35,"Mbit","['http://sto-chic-01.sys.comcast.net/speedtest/']"
1412622107,86.96,23.26,"Mbit","['http://speedtest-1.silverip.net/speedtest/']"
1412625712,78.62,23.36,"Mbit","['http://sto-chic-01.sys.comcast.net/speedtest/']"
1412629317,73.93,23.28,"Mbit","['http://speedtest-1.silverip.net/speedtest/']"
1412632907,88.93,23.29,"Mbit","['http://test.chi.host-engine.com/speedtest/']"
1412636510,78.74,23.30,"Mbit","['http://speedtest-1.silverip.net/speedtest/']"
1412640111,78.67,23.28,"Mbit","['http://speedtest-1.silverip.net/speedtest/']"
1412643652,79.23,23.05,"Mbit","['http://speedtest-1.silverip.net/speedtest/']"
1412647310,85.48,23.31,"Mbit","['http://speedtest.servercentral.net/speedtest/']"
1412650909,88.67,23.22,"Mbit","['http://speedtest-1.silverip.net/speedtest/']"
1412654447,91.51,23.22,"Mbit","['http://test.chi.host-engine.com/speedtest/']"
1412658120,9.34,22.46,"Mbit","['http://chi.ookla.towerstream.net/speedtest/']"
1412661668,84.51,23.23,"Mbit","['http://speedtest-1.silverip.net/speedtest/']"
1412665306,91.06,23.31,"Mbit","['http://test.chi.host-engine.com/speedtest/']"
1412668907,88.42,23.32,"Mbit","['http://speedtest.servercentral.net/speedtest/']"
1412672505,89.87,23.32,"Mbit","['http://test.chi.host-engine.com/speedtest/']"
1412676069,75.07,23.41,"Mbit","['http://sto-chic-01.sys.comcast.net/speedtest/']"
1412679633,11.28,15.02,"Mbit","['http://chi.ookla.towerstream.net/speedtest/']"
1412683306,92.26,23.32,"Mbit","['http://test.chi.host-engine.com/speedtest/']"
1412686925,13.66,22.62,"Mbit","['http://chi.ookla.towerstream.net/speedtest/']"
1412690507,84.32,23.27,"Mbit","['http://speedtest.servercentral.net/speedtest/']"
1412694108,90.07,23.30,"Mbit","['http://test.chi.host-engine.com/speedtest/']"
1412697708,84.70,23.32,"Mbit","['http://speedtest.servercentral.net/speedtest/']"
1412701307,84.30,23.32,"Mbit","['http://speedtest-1.silverip.net/speedtest/']"
1412704910,81.60,23.36,"Mbit","['http://sto-chic-01.sys.comcast.net/speedtest/']"
1412708435,83.10,20.40,"Mbit","['http://speedtest-1.silverip.net/speedtest/']"
1412712109,84.42,23.34,"Mbit","['http://speedtest.servercentral.net/speedtest/']"
1412715723,11.86,22.74,"Mbit","['http://chi.ookla.towerstream.net/speedtest/']"
1412719306,89.40,23.28,"Mbit","['http://test.chi.host-engine.com/speedtest/']"
1412722903,60.98,23.39,"Mbit","['http://sto-chic-01.sys.comcast.net/speedtest/']"
1412726511,86.23,23.25,"Mbit","['http://speedtest-1.silverip.net/speedtest/']"
1412730111,85.26,23.21,"Mbit","['http://speedtest-1.silverip.net/speedtest/']"
1412733661,11.16,22.14,"Mbit","['http://chi.ookla.towerstream.net/speedtest/']"
1412737305,55.97,23.34,"Mbit","['http://sto-chic-01.sys.comcast.net/speedtest/']"
1412740894,46.38,23.39,"Mbit","['http://sto-chic-01.sys.comcast.net/speedtest/']"
1412744508,87.87,23.31,"Mbit","['http://speedtest.servercentral.net/speedtest/']"
1412748121,9.25,22.53,"Mbit","['http://chi.ookla.towerstream.net/speedtest/']"
1412751706,87.68,23.35,"Mbit","['http://test.chi.host-engine.com/speedtest/']"
1412755313,77.54,23.41,"Mbit","['http://sto-chic-01.sys.comcast.net/speedtest/']"
1412758906,88.98,23.30,"Mbit","['http://test.chi.host-engine.com/speedtest/']"
1412762506,89.00,23.31,"Mbit","['http://test.chi.host-engine.com/speedtest/']"
1412766108,89.15,23.30,"Mbit","['http://test.chi.host-engine.com/speedtest/']"
1412769668,7.70,22.54,"Mbit","['http://chi.ookla.towerstream.net/speedtest/']"
1412773312,81.46,23.41,"Mbit","['http://sto-chic-01.sys.comcast.net/speedtest/']"
1412776912,81.87,23.41,"Mbit","['http://sto-chic-01.sys.comcast.net/speedtest/']"
1412780507,85.34,23.29,"Mbit","['http://speedtest.servercentral.net/speedtest/']"
1412784117,78.64,23.43,"Mbit","['http://sto-chic-01.sys.comcast.net/speedtest/']"
1412787642,87.21,23.31,"Mbit","['http://test.chi.host-engine.com/speedtest/']"
1412791311,83.92,23.43,"Mbit","['http://sto-chic-01.sys.comcast.net/speedtest/']"
1412794916,91.93,23.22,"Mbit","['http://speedtest-1.silverip.net/speedtest/']"
1412798459,89.00,23.22,"Mbit","['http://speedtest-1.silverip.net/speedtest/']"
1412802108,84.40,23.29,"Mbit","['http://speedtest-1.silverip.net/speedtest/']"
1412805714,85.95,23.32,"Mbit","['http://speedtest.servercentral.net/speedtest/']"
1412809308,87.90,23.32,"Mbit","['http://test.chi.host-engine.com/speedtest/']"
1412812906,59.67,23.32,"Mbit","['http://sto-chic-01.sys.comcast.net/speedtest/']"
1412816506,68.89,23.30,"Mbit","['http://sto-chic-01.sys.comcast.net/speedtest/']"
1412820039,5.59,22.13,"Mbit","['http://chi.ookla.towerstream.net/speedtest/']"
1412823723,8.06,22.47,"Mbit","['http://chi.ookla.towerstream.net/speedtest/']"
1412827321,8.21,22.56,"Mbit","['http://chi.ookla.towerstream.net/speedtest/']"
1412830908,83.91,23.36,"Mbit","['http://speedtest.servercentral.net/speedtest/']"
1412834514,80.96,23.30,"Mbit","['http://sto-chic-01.sys.comcast.net/speedtest/']"
1412838119,15.93,22.62,"Mbit","['http://chi.ookla.towerstream.net/speedtest/']"
1412841714,90.37,23.31,"Mbit","['http://test.chi.host-engine.com/speedtest/']"
1412845317,77.75,23.39,"Mbit","['http://sto-chic-01.sys.comcast.net/speedtest/']"
1412848851,84.87,23.32,"Mbit","['http://speedtest.servercentral.net/speedtest/']"
1412852456,85.63,23.39,"Mbit","['http://sto-chic-01.sys.comcast.net/speedtest/']"
1412856063,64.63,23.18,"Mbit","['http://sto-chic-01.sys.comcast.net/speedtest/']"
1412859711,90.00,23.20,"Mbit","['http://test.chi.host-engine.com/speedtest/']"
1412863314,90.42,23.35,"Mbit","['http://test.chi.host-engine.com/speedtest/']"
1412866833,79.03,14.46,"Mbit","['http://speedtest.servercentral.net/speedtest/']"
1412870510,81.02,23.30,"Mbit","['http://speedtest.servercentral.net/speedtest/']"
1412874117,27.65,22.81,"Mbit","['http://chi.ookla.towerstream.net/speedtest/']"
1412877643,86.92,23.14,"Mbit","['http://speedtest-1.silverip.net/speedtest/']"
1412881254,84.39,23.30,"Mbit","['http://sto-chic-01.sys.comcast.net/speedtest/']"
1412884909,85.59,23.32,"Mbit","['http://test.chi.host-engine.com/speedtest/']"
1412888527,5.23,22.66,"Mbit","['http://chi.ookla.towerstream.net/speedtest/']"
1412892110,87.11,23.30,"Mbit","['http://speedtest.servercentral.net/speedtest/']"
1412895710,88.40,23.32,"Mbit","['http://test.chi.host-engine.com/speedtest/']"
1412899273,70.15,23.21,"Mbit","['http://sto-chic-01.sys.comcast.net/speedtest/']"
1412902866,78.06,23.23,"Mbit","['http://sto-chic-01.sys.comcast.net/speedtest/']"
1412906511,91.10,23.20,"Mbit","['http://test.chi.host-engine.com/speedtest/']"
1412910055,62.25,23.18,"Mbit","['http://speedtest-1.silverip.net/speedtest/']"
1412913710,89.35,23.19,"Mbit","['http://test.chi.host-engine.com/speedtest/']"
1412917314,72.45,23.42,"Mbit","['http://sto-chic-01.sys.comcast.net/speedtest/']"
1412920903,83.60,23.25,"Mbit","['http://speedtest-1.silverip.net/speedtest/']"
1412931708,88.94,23.34,"Mbit","['http://speedtest.servercentral.net/speedtest/']"
1412935313,84.88,23.28,"Mbit","['http://speedtest-1.silverip.net/speedtest/']"
1412938909,86.99,23.33,"Mbit","['http://speedtest.servercentral.net/speedtest/']"
1412942508,87.40,23.28,"Mbit","['http://test.chi.host-engine.com/speedtest/']"
1412946113,86.85,23.30,"Mbit","['http://speedtest.servercentral.net/speedtest/']"
1412949710,85.78,23.26,"Mbit","['http://speedtest.servercentral.net/speedtest/']"
1412953315,5.06,22.31,"Mbit","['http://chi.ookla.towerstream.net/speedtest/']"
1412956907,90.69,23.29,"Mbit","['http://test.chi.host-engine.com/speedtest/']"
1412960507,86.50,23.31,"Mbit","['http://test.chi.host-engine.com/speedtest/']"
1412964113,85.20,23.26,"Mbit","['http://speedtest-1.silverip.net/speedtest/']"
1412967709,83.90,23.30,"Mbit","['http://speedtest.servercentral.net/speedtest/']"
1412971247,11.94,21.81,"Mbit","['http://chi.ookla.towerstream.net/speedtest/']"
1412974908,88.38,23.27,"Mbit","['http://speedtest-1.silverip.net/speedtest/']"
1412978520,80.71,23.36,"Mbit","['http://sto-chic-01.sys.comcast.net/speedtest/']"
1412982111,77.88,23.39,"Mbit","['http://sto-chic-01.sys.comcast.net/speedtest/']"
1412985710,90.35,23.25,"Mbit","['http://test.chi.host-engine.com/speedtest/']"
1412989307,6.17,22.41,"Mbit","['http://chi.ookla.towerstream.net/speedtest/']"
1412992910,84.10,23.29,"Mbit","['http://speedtest.servercentral.net/speedtest/']"
1412996509,88.52,23.32,"Mbit","['http://test.chi.host-engine.com/speedtest/']"
1413000128,8.48,22.39,"Mbit","['http://chi.ookla.towerstream.net/speedtest/']"
1413003709,85.15,23.29,"Mbit","['http://speedtest.servercentral.net/speedtest/']"
1413007311,82.81,23.37,"Mbit","['http://sto-chic-01.sys.comcast.net/speedtest/']"
1413010908,88.69,23.32,"Mbit","['http://speedtest.servercentral.net/speedtest/']"
1413014511,81.89,23.41,"Mbit","['http://sto-chic-01.sys.comcast.net/speedtest/']"
1413018108,89.07,23.31,"Mbit","['http://test.chi.host-engine.com/speedtest/']"
1413021709,85.39,23.29,"Mbit","['http://speedtest.servercentral.net/speedtest/']"
1413025308,87.60,23.29,"Mbit","['http://speedtest-1.silverip.net/speedtest/']"
1413028910,84.57,23.32,"Mbit","['http://speedtest.servercentral.net/speedtest/']"
1413032508,90.83,23.26,"Mbit","['http://test.chi.host-engine.com/speedtest/']"
1413036111,83.22,23.43,"Mbit","['http://sto-chic-01.sys.comcast.net/speedtest/']"
1413039646,79.33,23.39,"Mbit","['http://sto-chic-01.sys.comcast.net/speedtest/']"
1413043308,85.97,23.31,"Mbit","['http://speedtest-1.silverip.net/speedtest/']"
1413046907,84.54,23.29,"Mbit","['http://speedtest-1.silverip.net/speedtest/']"
1413050510,85.86,23.29,"Mbit","['http://speedtest-1.silverip.net/speedtest/']"
1413054114,7.65,22.65,"Mbit","['http://chi.ookla.towerstream.net/speedtest/']"
1413057706,84.72,23.35,"Mbit","['http://speedtest.servercentral.net/speedtest/']"
1413061240,5.56,21.92,"Mbit","['http://chi.ookla.towerstream.net/speedtest/']"
1413064907,86.65,23.29,"Mbit","['http://speedtest-1.silverip.net/speedtest/']"
1413068511,78.99,23.40,"Mbit","['http://sto-chic-01.sys.comcast.net/speedtest/']"
1413072105,92.14,23.29,"Mbit","['http://test.chi.host-engine.com/speedtest/']"
1413075706,86.17,23.32,"Mbit","['http://speedtest.servercentral.net/speedtest/']"
1413079312,83.29,23.27,"Mbit","['http://speedtest-1.silverip.net/speedtest/']"
1413082911,82.04,23.28,"Mbit","['http://speedtest-1.silverip.net/speedtest/']"
1413086508,82.64,23.30,"Mbit","['http://test.chi.host-engine.com/speedtest/']"
1413090043,83.45,21.29,"Mbit","['http://test.chi.host-engine.com/speedtest/']"
1413093705,69.25,23.37,"Mbit","['http://sto-chic-01.sys.comcast.net/speedtest/']"
1413097301,55.12,23.39,"Mbit","['http://sto-chic-01.sys.comcast.net/speedtest/']"
1413100910,88.67,23.21,"Mbit","['http://speedtest2.sentris.com/speedtest/']"
1413104507,83.87,23.35,"Mbit","['http://speedtest.servercentral.net/speedtest/']"
1413108109,84.21,23.34,"Mbit","['http://speedtest.servercentral.net/speedtest/']"
1413111662,85.66,23.33,"Mbit","['http://speedtest.servercentral.net/speedtest/']"
1413115310,85.61,23.35,"Mbit","['http://speedtest.servercentral.net/speedtest/']"
1413118912,77.60,23.44,"Mbit","['http://sto-chic-01.sys.comcast.net/speedtest/']"
1413122510,85.49,23.28,"Mbit","['http://speedtest.servercentral.net/speedtest/']"
1413126112,87.14,23.27,"Mbit","['http://speedtest.servercentral.net/speedtest/']"
1413129677,7.06,22.61,"Mbit","['http://chi.ookla.towerstream.net/speedtest/']"
1413133312,83.76,23.34,"Mbit","['http://speedtest.servercentral.net/speedtest/']"
1413136917,77.51,23.40,"Mbit","['http://sto-chic-01.sys.comcast.net/speedtest/']"
1413140509,83.97,23.25,"Mbit","['http://speedtest-1.silverip.net/speedtest/']"
1413144109,90.43,23.28,"Mbit","['http://test.chi.host-engine.com/speedtest/']"
1413147710,80.43,23.31,"Mbit","['http://speedtest-1.silverip.net/speedtest/']"
1413151310,85.10,23.26,"Mbit","['http://speedtest.servercentral.net/speedtest/']"
1413154873,87.08,23.30,"Mbit","['http://speedtest.servercentral.net/speedtest/']"
1413158482,78.67,23.11,"Mbit","['http://sto-chic-01.sys.comcast.net/speedtest/']"
1413162114,84.24,23.38,"Mbit","['http://sto-chic-01.sys.comcast.net/speedtest/']"
1413165708,88.17,23.31,"Mbit","['http://test.chi.host-engine.com/speedtest/']"
1413169314,80.10,23.34,"Mbit","['http://sto-chic-01.sys.comcast.net/speedtest/']"
1413172909,86.89,23.32,"Mbit","['http://speedtest.servercentral.net/speedtest/']"
1413176508,86.87,23.30,"Mbit","['http://speedtest.servercentral.net/speedtest/']"
1413180120,5.07,22.57,"Mbit","['http://chi.ookla.towerstream.net/speedtest/']"
1413183712,79.77,23.42,"Mbit","['http://sto-chic-01.sys.comcast.net/speedtest/']"
1413187309,86.52,23.35,"Mbit","['http://speedtest.servercentral.net/speedtest/']"
1413190913,75.76,23.40,"Mbit","['http://sto-chic-01.sys.comcast.net/speedtest/']"
1413194442,90.57,23.26,"Mbit","['http://test.chi.host-engine.com/speedtest/']"
1413198112,75.91,23.37,"Mbit","['http://sto-chic-01.sys.comcast.net/speedtest/']"
1413201714,81.06,23.40,"Mbit","['http://sto-chic-01.sys.comcast.net/speedtest/']"
1413205312,88.97,23.23,"Mbit","['http://test.chi.host-engine.com/speedtest/']"
1413208912,86.71,23.27,"Mbit","['http://speedtest-1.silverip.net/speedtest/']"
1413212511,89.85,23.15,"Mbit","['http://speedtest.servercentral.net/speedtest/']"
1413216112,78.51,23.30,"Mbit","['http://speedtest-1.silverip.net/speedtest/']"
1413219711,3.97,22.50,"Mbit","['http://chi.ookla.towerstream.net/speedtest/']"
1413223310,85.24,23.28,"Mbit","['http://speedtest-1.silverip.net/speedtest/']"
1413226910,90.75,23.31,"Mbit","['http://test.chi.host-engine.com/speedtest/']"
1413230513,86.36,23.21,"Mbit","['http://speedtest.servercentral.net/speedtest/']"
1413234116,84.74,23.26,"Mbit","['http://speedtest.servercentral.net/speedtest/']"
1413237715,85.21,23.22,"Mbit","['http://test.chi.host-engine.com/speedtest/']"
1413241315,86.02,23.28,"Mbit","['http://speedtest.servercentral.net/speedtest/']"
1413244874,84.94,22.26,"Mbit","['http://sto-chic-01.sys.comcast.net/speedtest/']"
1413248510,89.77,23.30,"Mbit","['http://test.chi.host-engine.com/speedtest/']"
1413252107,86.80,23.31,"Mbit","['http://test.chi.host-engine.com/speedtest/']"
1413255711,83.05,23.37,"Mbit","['http://sto-chic-01.sys.comcast.net/speedtest/']"
1413259307,85.98,23.30,"Mbit","['http://speedtest-1.silverip.net/speedtest/']"
1413262907,86.79,23.30,"Mbit","['http://speedtest-1.silverip.net/speedtest/']"
1413266507,88.37,23.32,"Mbit","['http://test.chi.host-engine.com/speedtest/']"
1413270081,77.10,23.36,"Mbit","['http://sto-chic-01.sys.comcast.net/speedtest/']"
1413273706,86.24,23.35,"Mbit","['http://speedtest.servercentral.net/speedtest/']"
1413277310,77.52,23.42,"Mbit","['http://sto-chic-01.sys.comcast.net/speedtest/']"
1413280907,86.48,23.35,"Mbit","['http://speedtest.servercentral.net/speedtest/']"
1413284507,85.80,23.32,"Mbit","['http://speedtest.servercentral.net/speedtest/']"
1413288107,82.98,23.34,"Mbit","['http://speedtest.servercentral.net/speedtest/']"
1413291707,86.69,23.32,"Mbit","['http://test.chi.host-engine.com/speedtest/']"
1413295308,91.38,23.33,"Mbit","['http://test.chi.host-engine.com/speedtest/']"
1413298910,82.12,23.37,"Mbit","['http://sto-chic-01.sys.comcast.net/speedtest/']"
1413302506,86.32,23.31,"Mbit","['http://speedtest.servercentral.net/speedtest/']"
1413306123,2.88,22.72,"Mbit","['http://chi.ookla.towerstream.net/speedtest/']"
1413309708,88.83,23.30,"Mbit","['http://speedtest.servercentral.net/speedtest/']"
1413313309,1.20,22.81,"Mbit","['http://chi.ookla.towerstream.net/speedtest/']"
1413316908,85.96,23.26,"Mbit","['http://speedtest-1.silverip.net/speedtest/']"
1413320505,79.72,23.35,"Mbit","['http://speedtest.servercentral.net/speedtest/']"
1413324108,88.56,23.30,"Mbit","['http://speedtest.servercentral.net/speedtest/']"
1413327707,86.34,23.29,"Mbit","['http://test.chi.host-engine.com/speedtest/']"
1413331309,84.32,23.29,"Mbit","['http://speedtest-1.silverip.net/speedtest/']"
1413334837,85.66,20.40,"Mbit","['http://sto-chic-01.sys.comcast.net/speedtest/']"
1413338508,87.67,23.28,"Mbit","['http://speedtest-1.silverip.net/speedtest/']"
1413342045,90.01,23.24,"Mbit","['http://test.chi.host-engine.com/speedtest/']"
1413345713,79.95,23.40,"Mbit","['http://sto-chic-01.sys.comcast.net/speedtest/']"
1413349311,80.67,23.41,"Mbit","['http://sto-chic-01.sys.comcast.net/speedtest/']"
1413352912,73.51,23.40,"Mbit","['http://sto-chic-01.sys.comcast.net/speedtest/']"
1413356461,88.02,23.28,"Mbit","['http://test.chi.host-engine.com/speedtest/']"
1413360105,89.30,23.29,"Mbit","['http://test.chi.host-engine.com/speedtest/']"
1413363707,85.95,23.35,"Mbit","['http://speedtest.servercentral.net/speedtest/']"
1413367305,87.17,23.34,"Mbit","['http://test.chi.host-engine.com/speedtest/']"
1413370907,79.46,23.31,"Mbit","['http://speedtest-1.silverip.net/speedtest/']"
1413374507,89.83,23.33,"Mbit","['http://test.chi.host-engine.com/speedtest/']"
1413378106,90.10,23.29,"Mbit","['http://speedtest-1.silverip.net/speedtest/']"
1413381708,84.23,23.32,"Mbit","['http://speedtest.servercentral.net/speedtest/']"
1413385306,90.01,23.31,"Mbit","['http://speedtest.servercentral.net/speedtest/']"
1413388906,90.16,23.34,"Mbit","['http://speedtest.servercentral.net/speedtest/']"
1413392439,80.33,23.30,"Mbit","['http://test.chi.host-engine.com/speedtest/']"
1413396106,89.00,23.27,"Mbit","['http://speedtest-1.silverip.net/speedtest/']"
1413399710,85.93,23.41,"Mbit","['http://sto-chic-01.sys.comcast.net/speedtest/']"
1413403304,90.63,23.31,"Mbit","['http://speedtest-1.silverip.net/speedtest/']"
1413406913,78.91,23.36,"Mbit","['http://sto-chic-01.sys.comcast.net/speedtest/']"
1413410514,87.51,23.33,"Mbit","['http://speedtest.servercentral.net/speedtest/']"
1413414117,83.10,22.60,"Mbit","['http://chi.ookla.towerstream.net/speedtest/']"
1413417707,89.43,23.30,"Mbit","['http://test.chi.host-engine.com/speedtest/']"
1413421311,86.28,23.41,"Mbit","['http://sto-chic-01.sys.comcast.net/speedtest/']"
1413424881,87.44,23.14,"Mbit","['http://test.chi.host-engine.com/speedtest/']"
1413428511,88.71,23.33,"Mbit","['http://speedtest.servercentral.net/speedtest/']"
1413432108,86.60,23.27,"Mbit","['http://speedtest-1.silverip.net/speedtest/']"
1413435711,74.18,23.42,"Mbit","['http://sto-chic-01.sys.comcast.net/speedtest/']"
1413439311,77.79,23.44,"Mbit","['http://sto-chic-01.sys.comcast.net/speedtest/']"
1413442911,82.05,23.30,"Mbit","['http://sto-chic-01.sys.comcast.net/speedtest/']"
1413446510,78.45,23.42,"Mbit","['http://sto-chic-01.sys.comcast.net/speedtest/']"
1413450107,89.56,23.27,"Mbit","['http://speedtest.servercentral.net/speedtest/']"
1413453710,77.73,23.41,"Mbit","['http://sto-chic-01.sys.comcast.net/speedtest/']"
1413457305,88.16,23.30,"Mbit","['http://speedtest-1.silverip.net/speedtest/']"
1413460842,84.83,23.26,"Mbit","['http://speedtest.servercentral.net/speedtest/']"
1413464506,85.63,23.30,"Mbit","['http://speedtest-1.silverip.net/speedtest/']"
1413468082,85.77,22.23,"Mbit","['http://chi.ookla.towerstream.net/speedtest/']"
1413471709,83.97,23.44,"Mbit","['http://sto-chic-01.sys.comcast.net/speedtest/']"
1413475242,79.59,22.00,"Mbit","['http://chi.ookla.towerstream.net/speedtest/']"
1413478905,88.10,23.30,"Mbit","['http://test.chi.host-engine.com/speedtest/']"
1413482506,88.91,23.29,"Mbit","['http://speedtest.servercentral.net/speedtest/']"
1413486111,86.40,23.38,"Mbit","['http://sto-chic-01.sys.comcast.net/speedtest/']"
1413489716,89.69,23.34,"Mbit","['http://speedtest.servercentral.net/speedtest/']"
1413493317,81.34,22.60,"Mbit","['http://chi.ookla.towerstream.net/speedtest/']"
1413496919,83.75,22.34,"Mbit","['http://chi.ookla.towerstream.net/speedtest/']"
1413500512,86.86,23.32,"Mbit","['http://speedtest-1.silverip.net/speedtest/']"
1413504115,82.89,23.30,"Mbit","['http://speedtest-1.silverip.net/speedtest/']"
1413507665,78.82,23.30,"Mbit","['http://sto-chic-01.sys.comcast.net/speedtest/']"
1413511312,86.68,23.32,"Mbit","['http://test.chi.host-engine.com/speedtest/']"
1413514918,83.04,22.76,"Mbit","['http://chi.ookla.towerstream.net/speedtest/']"
1413518509,87.22,23.26,"Mbit","['http://speedtest-1.silverip.net/speedtest/']"
1413522105,86.64,23.32,"Mbit","['http://speedtest.servercentral.net/speedtest/']"
1413525716,86.52,22.88,"Mbit","['http://chi.ookla.towerstream.net/speedtest/']"
1413529307,85.07,23.32,"Mbit","['http://speedtest.servercentral.net/speedtest/']"
1413532911,78.97,23.43,"Mbit","['http://sto-chic-01.sys.comcast.net/speedtest/']"
1413536511,84.94,23.44,"Mbit","['http://sto-chic-01.sys.comcast.net/speedtest/']"
1413540110,82.86,23.41,"Mbit","['http://sto-chic-01.sys.comcast.net/speedtest/']"
1413543706,84.50,23.31,"Mbit","['http://speedtest.servercentral.net/speedtest/']"
1413547307,84.10,23.25,"Mbit","['http://speedtest-1.silverip.net/speedtest/']"
1413550915,87.06,22.89,"Mbit","['http://chi.ookla.towerstream.net/speedtest/']"
1413554506,88.17,23.33,"Mbit","['http://speedtest.servercentral.net/speedtest/']"
1413558109,86.76,23.27,"Mbit","['http://speedtest-1.silverip.net/speedtest/']"
1413561716,83.77,22.74,"Mbit","['http://chi.ookla.towerstream.net/speedtest/']"
1413565313,77.12,23.37,"Mbit","['http://sto-chic-01.sys.comcast.net/speedtest/']"
1413568915,78.15,23.38,"Mbit","['http://sto-chic-01.sys.comcast.net/speedtest/']"
1413572517,86.87,22.41,"Mbit","['http://chi.ookla.towerstream.net/speedtest/']"
1413576111,83.55,23.42,"Mbit","['http://sto-chic-01.sys.comcast.net/speedtest/']"
1413579717,89.45,22.69,"Mbit","['http://chi.ookla.towerstream.net/speedtest/']"
1413583310,83.84,23.39,"Mbit","['http://sto-chic-01.sys.comcast.net/speedtest/']"
1413586909,72.97,22.58,"Mbit","['http://chi.ookla.towerstream.net/speedtest/']"
1413590513,71.13,23.37,"Mbit","['http://sto-chic-01.sys.comcast.net/speedtest/']"
1413594113,77.63,23.40,"Mbit","['http://sto-chic-01.sys.comcast.net/speedtest/']"
1413597724,66.28,22.53,"Mbit","['http://chi.ookla.towerstream.net/speedtest/']"
1413601313,69.83,23.39,"Mbit","['http://sto-chic-01.sys.comcast.net/speedtest/']"
1413604908,86.07,23.30,"Mbit","['http://speedtest.servercentral.net/speedtest/']"
1413608518,83.85,22.83,"Mbit","['http://chi.ookla.towerstream.net/speedtest/']"
1413612107,85.62,23.32,"Mbit","['http://speedtest.servercentral.net/speedtest/']"
1413615706,86.59,23.32,"Mbit","['http://speedtest.servercentral.net/speedtest/']"
1413619307,82.85,23.34,"Mbit","['http://speedtest.servercentral.net/speedtest/']"
1413622907,85.61,23.32,"Mbit","['http://speedtest.servercentral.net/speedtest/']"
1413626508,84.17,23.31,"Mbit","['http://speedtest-1.silverip.net/speedtest/']"
1413630107,89.23,23.34,"Mbit","['http://speedtest.servercentral.net/speedtest/']"
1413633706,87.09,23.33,"Mbit","['http://speedtest.servercentral.net/speedtest/']"
1413637305,89.55,23.33,"Mbit","['http://speedtest.servercentral.net/speedtest/']"
1413640848,80.81,23.37,"Mbit","['http://sto-chic-01.sys.comcast.net/speedtest/']"
1413644437,85.73,22.67,"Mbit","['http://speedtest.servercentral.net/speedtest/']"
1413648106,87.07,23.30,"Mbit","['http://speedtest-1.silverip.net/speedtest/']"
1413651707,88.52,23.32,"Mbit","['http://test.chi.host-engine.com/speedtest/']"
1413655307,88.55,23.33,"Mbit","['http://speedtest.servercentral.net/speedtest/']"
1413658913,84.08,23.29,"Mbit","['http://test.chi.host-engine.com/speedtest/']"
1413662507,86.57,23.30,"Mbit","['http://speedtest.servercentral.net/speedtest/']"
1413666109,70.76,22.69,"Mbit","['http://chi.ookla.towerstream.net/speedtest/']"
1413669710,89.84,23.35,"Mbit","['http://speedtest.servercentral.net/speedtest/']"
1413673306,88.31,23.34,"Mbit","['http://speedtest.servercentral.net/speedtest/']"
1413676913,65.97,23.43,"Mbit","['http://sto-chic-01.sys.comcast.net/speedtest/']"
1413680507,86.48,23.33,"Mbit","['http://speedtest.servercentral.net/speedtest/']"
1413684110,86.15,23.31,"Mbit","['http://speedtest.servercentral.net/speedtest/']"
1413687706,87.47,23.32,"Mbit","['http://speedtest.servercentral.net/speedtest/']"
1413691311,78.59,23.41,"Mbit","['http://sto-chic-01.sys.comcast.net/speedtest/']"
1413694905,89.02,23.32,"Mbit","['http://test.chi.host-engine.com/speedtest/']"
1413698462,87.64,22.69,"Mbit","['http://chi.ookla.towerstream.net/speedtest/']"
1413702107,83.53,23.28,"Mbit","['http://speedtest-1.silverip.net/speedtest/']"
1413705706,86.14,23.33,"Mbit","['http://speedtest.servercentral.net/speedtest/']"
1413709305,92.19,23.30,"Mbit","['http://test.chi.host-engine.com/speedtest/']"
1413712918,57.01,23.29,"Mbit","['http://speedtest.servercentral.net/speedtest/']"
1413716510,81.22,23.38,"Mbit","['http://sto-chic-01.sys.comcast.net/speedtest/']"
1413720108,89.51,23.34,"Mbit","['http://speedtest.servercentral.net/speedtest/']"
1413723707,84.01,23.31,"Mbit","['http://speedtest.servercentral.net/speedtest/']"
1413727308,87.13,23.31,"Mbit","['http://speedtest.servercentral.net/speedtest/']"
1413730909,87.62,23.28,"Mbit","['http://speedtest.servercentral.net/speedtest/']"
1413734519,87.43,22.65,"Mbit","['http://chi.ookla.towerstream.net/speedtest/']"
1413738080,91.10,23.31,"Mbit","['http://test.chi.host-engine.com/speedtest/']"
1413741676,91.43,23.25,"Mbit","['http://test.chi.host-engine.com/speedtest/']"
1413745313,78.70,23.45,"Mbit","['http://sto-chic-01.sys.comcast.net/speedtest/']"
1413748919,81.30,22.64,"Mbit","['http://chi.ookla.towerstream.net/speedtest/']"
1413752521,75.66,22.73,"Mbit","['http://chi.ookla.towerstream.net/speedtest/']"
1413756112,82.10,23.29,"Mbit","['http://speedtest-1.silverip.net/speedtest/']"
1413759707,89.50,23.29,"Mbit","['http://test.chi.host-engine.com/speedtest/']"
1413763269,84.74,23.27,"Mbit","['http://speedtest.servercentral.net/speedtest/']"
1413766912,81.90,23.28,"Mbit","['http://speedtest-1.silverip.net/speedtest/']"
1413770514,72.97,23.37,"Mbit","['http://sto-chic-01.sys.comcast.net/speedtest/']"
1413774111,77.29,23.30,"Mbit","['http://speedtest-1.silverip.net/speedtest/']"
1413777667,86.17,23.13,"Mbit","['http://speedtest-1.silverip.net/speedtest/']"
1413781256,67.89,23.24,"Mbit","['http://speedtest.servercentral.net/speedtest/']"
1413784920,87.45,22.71,"Mbit","['http://chi.ookla.towerstream.net/speedtest/']"
1413788480,88.13,23.24,"Mbit","['http://test.chi.host-engine.com/speedtest/']"
1413792043,78.55,22.85,"Mbit","['http://sto-chic-01.sys.comcast.net/speedtest/']"
1413795667,88.09,23.32,"Mbit","['http://speedtest.servercentral.net/speedtest/']"
1413799314,71.64,23.39,"Mbit","['http://sto-chic-01.sys.comcast.net/speedtest/']"
1413802912,81.15,23.35,"Mbit","['http://sto-chic-01.sys.comcast.net/speedtest/']"
1413806435,60.53,23.33,"Mbit","['http://speedtest.servercentral.net/speedtest/']"
1413810040,86.91,21.08,"Mbit","['http://speedtest.servercentral.net/speedtest/']"
1413813640,76.55,20.44,"Mbit","['http://sto-chic-01.sys.comcast.net/speedtest/']"
1413817326,76.85,22.76,"Mbit","['http://chi.ookla.towerstream.net/speedtest/']"
1413820913,78.85,23.37,"Mbit","['http://sto-chic-01.sys.comcast.net/speedtest/']"
1413824511,91.16,23.30,"Mbit","['http://test.chi.host-engine.com/speedtest/']"
1413828119,84.68,22.86,"Mbit","['http://chi.ookla.towerstream.net/speedtest/']"
1413831714,88.67,23.29,"Mbit","['http://test.chi.host-engine.com/speedtest/']"
1413835319,79.03,23.42,"Mbit","['http://sto-chic-01.sys.comcast.net/speedtest/']"
1413838923,68.29,23.38,"Mbit","['http://sto-chic-01.sys.comcast.net/speedtest/']"
1413842574,84.13,22.61,"Mbit","['http://chi.ookla.towerstream.net/speedtest/']"
1413846107,89.63,23.31,"Mbit","['http://test.chi.host-engine.com/speedtest/']"
1413853310,88.69,23.34,"Mbit","['http://speedtest.servercentral.net/speedtest/']"
1413856907,89.09,23.29,"Mbit","['http://test.chi.host-engine.com/speedtest/']"
1413860507,88.02,23.32,"Mbit","['http://speedtest.servercentral.net/speedtest/']"
1413864042,87.35,23.26,"Mbit","['http://speedtest.servercentral.net/speedtest/']"
1413867666,89.68,23.31,"Mbit","['http://speedtest.servercentral.net/speedtest/']"
1413896513,89.54,23.33,"Mbit","['http://test.chi.host-engine.com/speedtest/']"
1413900072,80.04,23.32,"Mbit","['http://speedtest-1.silverip.net/speedtest/']"
1413903710,80.94,23.40,"Mbit","['http://sto-chic-01.sys.comcast.net/speedtest/']"
1413907310,82.07,23.38,"Mbit","['http://sto-chic-01.sys.comcast.net/speedtest/']"
1413910915,84.60,22.76,"Mbit","['http://chi.ookla.towerstream.net/speedtest/']"
1413914510,79.25,23.39,"Mbit","['http://sto-chic-01.sys.comcast.net/speedtest/']"
1413918106,88.70,23.33,"Mbit","['http://test.chi.host-engine.com/speedtest/']"
1413921665,89.54,23.34,"Mbit","['http://test.chi.host-engine.com/speedtest/']"
1413925312,88.30,23.40,"Mbit","['http://sto-chic-01.sys.comcast.net/speedtest/']"
1413928919,82.40,22.51,"Mbit","['http://chi.ookla.towerstream.net/speedtest/']"
1413932512,80.03,23.32,"Mbit","['http://speedtest.servercentral.net/speedtest/']"
1413936111,83.73,23.39,"Mbit","['http://sto-chic-01.sys.comcast.net/speedtest/']"
1413939704,54.59,22.43,"Mbit","['http://chi.ookla.towerstream.net/speedtest/']"
1413943254,81.24,23.22,"Mbit","['http://speedtest.servercentral.net/speedtest/']"
1414087315,90.25,22.98,"Mbit","['http://speedtest-1.silverip.net/speedtest/']"
1414090911,81.32,23.42,"Mbit","['http://sto-chic-01.sys.comcast.net/speedtest/']"
1414094515,84.06,23.41,"Mbit","['http://sto-chic-01.sys.comcast.net/speedtest/']"
1414098110,84.25,23.29,"Mbit","['http://test.chi.host-engine.com/speedtest/']"
1414101651,83.13,23.12,"Mbit","['http://speedtest.servercentral.net/speedtest/']"
1414105249,84.52,23.33,"Mbit","['http://speedtest.servercentral.net/speedtest/']"
1414108867,88.20,22.76,"Mbit","['http://speedtest-1.silverip.net/speedtest/']"
1414112448,73.73,23.33,"Mbit","['http://sto-chic-01.sys.comcast.net/speedtest/']"
1414116031,87.62,21.04,"Mbit","['http://test.chi.host-engine.com/speedtest/']"
1414119644,76.97,22.63,"Mbit","['http://sto-chic-01.sys.comcast.net/speedtest/']"
1414123246,87.32,22.98,"Mbit","['http://speedtest-1.silverip.net/speedtest/']"
1414126911,85.74,23.27,"Mbit","['http://speedtest-1.silverip.net/speedtest/']"
1414130505,85.23,23.37,"Mbit","['http://speedtest.servercentral.net/speedtest/']"
1414134107,84.46,23.31,"Mbit","['http://speedtest.servercentral.net/speedtest/']"
1414137712,75.36,23.39,"Mbit","['http://sto-chic-01.sys.comcast.net/speedtest/']"
1414141305,91.61,23.33,"Mbit","['http://test.chi.host-engine.com/speedtest/']"
1414144911,80.48,23.41,"Mbit","['http://sto-chic-01.sys.comcast.net/speedtest/']"
1414148509,88.94,23.27,"Mbit","['http://speedtest-1.silverip.net/speedtest/']"
1414152108,88.54,23.31,"Mbit","['http://speedtest.servercentral.net/speedtest/']"
1414155711,77.09,23.40,"Mbit","['http://sto-chic-01.sys.comcast.net/speedtest/']"
1414159310,81.46,23.39,"Mbit","['http://sto-chic-01.sys.comcast.net/speedtest/']"
1414162907,90.42,23.32,"Mbit","['http://test.chi.host-engine.com/speedtest/']"
1414170112,77.04,23.40,"Mbit","['http://sto-chic-01.sys.comcast.net/speedtest/']"
1414173671,87.29,23.24,"Mbit","['http://speedtest-1.silverip.net/speedtest/']"
1414177306,91.65,23.29,"Mbit","['http://test.chi.host-engine.com/speedtest/']"
1414180907,88.12,23.29,"Mbit","['http://test.chi.host-engine.com/speedtest/']"
1414184512,76.02,23.38,"Mbit","['http://sto-chic-01.sys.comcast.net/speedtest/']"
1414188112,85.95,23.39,"Mbit","['http://sto-chic-01.sys.comcast.net/speedtest/']"
1414191694,46.00,23.24,"Mbit","['http://test.chi.host-engine.com/speedtest/']"
1414195313,86.88,23.28,"Mbit","['http://speedtest-1.silverip.net/speedtest/']"
1414198860,90.56,23.28,"Mbit","['http://test.chi.host-engine.com/speedtest/']"
1414202506,90.68,23.33,"Mbit","['http://test.chi.host-engine.com/speedtest/']"
1414206112,77.66,23.42,"Mbit","['http://sto-chic-01.sys.comcast.net/speedtest/']"
1414209706,89.55,23.26,"Mbit","['http://test.chi.host-engine.com/speedtest/']"
1414213311,78.40,23.38,"Mbit","['http://sto-chic-01.sys.comcast.net/speedtest/']"
1414216907,86.13,23.36,"Mbit","['http://test.chi.host-engine.com/speedtest/']"
1414220510,80.93,23.38,"Mbit","['http://sto-chic-01.sys.comcast.net/speedtest/']"
1414224111,75.92,23.44,"Mbit","['http://sto-chic-01.sys.comcast.net/speedtest/']"
1414227708,87.02,23.28,"Mbit","['http://speedtest.servercentral.net/speedtest/']"
1414231306,88.49,23.34,"Mbit","['http://speedtest.servercentral.net/speedtest/']"
1414234832,88.57,21.23,"Mbit","['http://speedtest.servercentral.net/speedtest/']"
1414238507,83.44,23.34,"Mbit","['http://speedtest.servercentral.net/speedtest/']"
1414242109,82.21,23.41,"Mbit","['http://sto-chic-01.sys.comcast.net/speedtest/']"
1414245713,75.32,23.41,"Mbit","['http://sto-chic-01.sys.comcast.net/speedtest/']"
1414249313,85.29,23.26,"Mbit","['http://speedtest-1.silverip.net/speedtest/']"
1414252918,80.52,23.29,"Mbit","['http://speedtest.servercentral.net/speedtest/']"
1414256511,80.43,23.40,"Mbit","['http://sto-chic-01.sys.comcast.net/speedtest/']"
1414260113,75.73,23.39,"Mbit","['http://sto-chic-01.sys.comcast.net/speedtest/']"
1414263710,82.45,23.28,"Mbit","['http://speedtest-1.silverip.net/speedtest/']"
1414267311,83.05,23.31,"Mbit","['http://speedtest.servercentral.net/speedtest/']"
1414270907,86.68,23.31,"Mbit","['http://speedtest.servercentral.net/speedtest/']"
1414274514,92.10,23.29,"Mbit","['http://test.chi.host-engine.com/speedtest/']"
1414278109,84.03,23.26,"Mbit","['http://speedtest.servercentral.net/speedtest/']"
1414281710,87.71,23.25,"Mbit","['http://test.chi.host-engine.com/speedtest/']"
